experiment_id,model,engineered,params,run_id,val_roc_auc,val_pr_auc,val_precision,val_recall,val_brier_score,val_positive_rate,val_class_prevalence,fit_seconds,predict_one_p95_ms
E01,logreg,True,"{""C"": 0.1, ""max_iter"": 2000, ""random_state"": 501}",9284438ffb724039b752c4960845d14e,0.7518863478527406,0.5513553219884012,0.5301470588235294,0.5157367668097281,0.14437364227856156,0.22666666666666666,0.233,0.1930718000003253,9.58746500473353
E02,logreg,True,"{""C"": 1.0, ""max_iter"": 2000, ""random_state"": 501}",8c02f4cd813c4a48a42d6a5d5227750a,0.7518577479841756,0.5511855710369643,0.5293685756240822,0.5157367668097281,0.14439124944810572,0.227,0.233,0.13239079999766545,10.33160499864607
E03,logreg,True,"{""C"": 10.0, ""max_iter"": 2000, ""random_state"": 501}",d8e34229a9e042a590d2b4277fc62416,0.7518521523577172,0.5511607399970819,0.5293685756240822,0.5157367668097281,0.1443930341917079,0.227,0.233,0.11221909999585478,8.73758000016096
E04,rf,True,"{""n_estimators"": 200, ""max_depth"": 8, ""min_samples_leaf"": 20, ""random_state"": 501}",6fb99ed0f4c0434182e3e24d14780d57,0.7480908033392212,0.5410761026039765,0.5518367346938775,0.48354792560801146,0.14529225173565916,0.20416666666666666,0.233,1.2794928000002983,48.07503499832819
E05,rf,True,"{""n_estimators"": 200, ""max_depth"": 12, ""min_samples_leaf"": 20, ""random_state"": 501}",1e3d67e1e6014831bfe725d1dad0f873,0.7450132087871231,0.5399547122753728,0.5460368294635709,0.48783977110157367,0.14537352004760556,0.20816666666666667,0.233,1.4847922999979346,71.8659499987552
E06,rf,True,"{""n_estimators"": 300, ""max_depth"": 12, ""min_samples_leaf"": 20, ""random_state"": 501}",79fd563935ba44b7ba97af822d8f63df,0.7461780316948716,0.54069578604228,0.5457438345266508,0.4907010014306152,0.14529894392960352,0.2095,0.233,2.3845418999990216,59.837370002423995
E07,hgb,True,"{""max_iter"": 200, ""learning_rate"": 0.06, ""max_depth"": 6, ""l2_regularization"": 1.0, ""random_state"": 501}",5be5c210b4ff444792aced71c8953c24,0.7450450727711221,0.5421769525269845,0.5325172149961744,0.4978540772532189,0.1456182590933181,0.21783333333333332,0.233,0.44765909999841824,9.280819999912637
E08,hgb,True,"{""max_iter"": 300, ""learning_rate"": 0.06, ""max_depth"": 6, ""l2_regularization"": 1.0, ""random_state"": 501}",ea9920b3924c40648a112cd7f0d1239a,0.7450450727711221,0.5421769525269845,0.5325172149961744,0.4978540772532189,0.1456182590933181,0.21783333333333332,0.233,0.3276389000020572,10.18616000073962
E09,hgb,True,"{""max_iter"": 300, ""learning_rate"": 0.1, ""max_depth"": 6, ""l2_regularization"": 1.0, ""random_state"": 501}",65a6531f422748a5b6331a2eca75f87c,0.744578926000327,0.5409761624794428,0.5329295987887964,0.5035765379113019,0.14562685661892064,0.22016666666666668,0.233,0.24037719999614637,9.110574998703669
E10,hgb,False,"{""max_iter"": 300, ""learning_rate"": 0.06, ""max_depth"": 6, ""l2_regularization"": 1.0, ""random_state"": 501}",cd3d2018070f46a68ef1e084f7dea7df,0.7407552479204476,0.5340320169607289,0.5406471981057617,0.4899856938483548,0.1461993192345194,0.21116666666666667,0.233,0.2634371000021929,4.610699998011114
